{
  "config": {
    "mc_draws": 2,
    "n_truths": 30,
    "npix": 1024,
    "skip_iod": false
  },
  "metrics": {
    "attrition.planted_to_detected": {
      "hi_95": 0.9975,
      "lo_95": 0.9025,
      "max": 1.0,
      "mean": 0.95,
      "min": 0.9,
      "n": 2
    },
    "attrition.planted_to_filtchain": {
      "hi_95": 0.6275,
      "lo_95": 0.4058333333333334,
      "max": 0.6333333333333333,
      "mean": 0.5166666666666666,
      "min": 0.4,
      "n": 2
    },
    "attrition.planted_to_rawchain": {
      "hi_95": 0.6599999999999999,
      "lo_95": 0.4066666666666667,
      "max": 0.6666666666666666,
      "mean": 0.5333333333333333,
      "min": 0.4,
      "n": 2
    },
    "attrition.planted_to_tracklet": {
      "hi_95": 0.8608333333333333,
      "lo_95": 0.6391666666666667,
      "max": 0.8666666666666667,
      "mean": 0.75,
      "min": 0.6333333333333333,
      "n": 2
    },
    "linker_quality_filtered.f1": {
      "hi_95": 0.5127052314409339,
      "lo_95": 0.3565327106672418,
      "max": 0.516815034619189,
      "mean": 0.43461897105408787,
      "min": 0.35242290748898675,
      "n": 2
    },
    "linker_quality_filtered.precision": {
      "hi_95": 0.4334692538432696,
      "lo_95": 0.31799931258592673,
      "max": 0.4365079365079365,
      "mean": 0.3757342832145982,
      "min": 0.31496062992125984,
      "n": 2
    },
    "linker_quality_filtered.recall": {
      "hi_95": 0.6275,
      "lo_95": 0.4058333333333334,
      "max": 0.6333333333333333,
      "mean": 0.5166666666666666,
      "min": 0.4,
      "n": 2
    },
    "linker_quality_raw.f1": {
      "hi_95": 0.5090844531847482,
      "lo_95": 0.3498688954441167,
      "max": 0.5132743362831859,
      "mean": 0.4294766743144325,
      "min": 0.34567901234567905,
      "n": 2
    },
    "linker_quality_raw.precision": {
      "hi_95": 0.41444322802627465,
      "lo_95": 0.3071707851110416,
      "max": 0.4172661870503597,
      "mean": 0.36080700656865816,
      "min": 0.30434782608695654,
      "n": 2
    },
    "linker_quality_raw.recall": {
      "hi_95": 0.6599999999999999,
      "lo_95": 0.4066666666666667,
      "max": 0.6666666666666666,
      "mean": 0.5333333333333333,
      "min": 0.4,
      "n": 2
    },
    "n_iod_success_per_run": {
      "hi_95": 22.95,
      "lo_95": 21.05,
      "max": 23,
      "mean": 22.0,
      "min": 21,
      "n": 2
    },
    "n_pixel_validated_per_run": {
      "hi_95": 10.95,
      "lo_95": 9.05,
      "max": 11,
      "mean": 10.0,
      "min": 9,
      "n": 2
    },
    "recovery_rate_any": {
      "hi_95": 0.2325,
      "lo_95": 0.20083333333333334,
      "max": 0.23333333333333334,
      "mean": 0.21666666666666667,
      "min": 0.2,
      "n": 2
    },
    "recovery_rate_pixel": {
      "hi_95": 0.16666666666666666,
      "lo_95": 0.16666666666666666,
      "max": 0.16666666666666666,
      "mean": 0.16666666666666666,
      "min": 0.16666666666666666,
      "n": 2
    },
    "unique_truths_recovered_any": {
      "hi_95": 6.975,
      "lo_95": 6.025,
      "max": 7,
      "mean": 6.5,
      "min": 6,
      "n": 2
    },
    "unique_truths_recovered_direct": {
      "hi_95": 4.9,
      "lo_95": 1.1,
      "max": 5,
      "mean": 3.0,
      "min": 1,
      "n": 2
    },
    "unique_truths_recovered_iod": {
      "hi_95": 7.95,
      "lo_95": 6.05,
      "max": 8,
      "mean": 7.0,
      "min": 6,
      "n": 2
    },
    "unique_truths_recovered_pixel": {
      "hi_95": 5.0,
      "lo_95": 5.0,
      "max": 5,
      "mean": 5.0,
      "min": 5,
      "n": 2
    },
    "wall_s_total": {
      "hi_95": 299.43538861870763,
      "lo_95": 126.381229108572,
      "max": 303.98944544792175,
      "mean": 212.90830886363983,
      "min": 121.82717227935791,
      "n": 2
    }
  },
  "n_runs_successful": 2,
  "n_runs_total": 2
}