channel,accuracy,nll,ece,delta_accuracy,delta_nll
rate,0.28,3.508283120131752,0.43467948121683286,-0.4666666666666667,2.1778202176193995
magnitude,0.7066666666666667,1.7305917355915201,0.21920033449520926,-0.040000000000000036,0.40012883307916747
morphology,0.5333333333333333,1.431923485517068,0.18770062586816932,-0.21333333333333337,0.10146058300471528
orbit_fit,0.12,4.191398359342409,0.31714484631586726,-0.6266666666666667,2.860935456830056
xmatch,0.6133333333333333,1.782348096111877,0.21242596188952118,-0.13333333333333341,0.4518851935995243
color,0.7466666666666667,1.3951623277246272,0.2131149728878407,0.0,0.06469942521227456
sky_context,0.6933333333333334,1.5443463467373533,0.20122423874104128,-0.053333333333333344,0.2138834442250006
