lo,hi,n,avg_confidence,accuracy
0.2,0.3,11,0.2664588928208253,0.0
0.3,0.4,12,0.3717041258421512,0.4166666666666667
0.4,0.5,12,0.4578282489413689,0.75
0.5,0.6,4,0.5526680185041069,0.25
0.6,0.7,8,0.6625418009175295,0.75
0.7,0.8,8,0.7513584686142553,0.375
0.8,0.9,10,0.8343860189473292,0.9
