stratum,n,accuracy,macro_f1,mean_confidence,mean_margin,manual_review_rate,safe_accuracy
artifact_adversarial,57,0.7192982456140351,0.5708730158730159,0.5341830558969098,0.3478332577701962,0.0,1.0
contradiction_fail_closed,10,0.8,0.888888888888889,0.10017066725356857,0.05238164375602994,0.8,1.0
multi_night_tracklet,7,0.8571428571428571,0.4444444444444444,0.5103060312344724,0.3292833752839218,0.0,1.0
sparse_alert,1,1.0,1.0,0.7305943334101502,0.6088286111751251,0.0,1.0
