channel,accuracy,nll,ece,delta_accuracy,delta_nll
rate,0.9875,0.06777622755536396,0.016431644509713295,-0.012083333333333335,0.06278155207754588
magnitude,1.0,0.000374266224124492,0.00034490788601645615,0.0004166666666666208,-0.004620409253693589
morphology,0.9995833333333334,0.0049808537336255695,0.002934831256975992,0.0,-1.38217441925121e-05
orbit_fit,0.9066666666666666,0.3633826410430767,0.1087377594903627,-0.09291666666666676,0.35838796556525865
xmatch,0.9995833333333334,0.004994671690802902,0.002841609842853973,0.0,-3.787015179744502e-09
color,0.9995833333333334,0.004994675477818082,0.0028416133772241462,0.0,0.0
sky_context,0.7225,1.2214778056255144,0.23134217503700405,-0.27708333333333335,1.2164831301476964
