lo,hi,n,avg_confidence,accuracy
0.6,0.7,14,0.607182139978873,1.0
0.8,0.9,3,0.8982303662577577,0.6666666666666666
0.9,1.0,2383,0.999737418813987,1.0
