{
  "basins": {
    "RRL": {
      "mu": {
        "log_period": -0.285827608182012,
        "amplitude": 1.903082425000001,
        "ls_power": 0.45667131994681975,
        "abs_skew": 0.4734610895061897,
        "eta": 1.931658944071515,
        "frac_bright": 0.055749746707193515
      },
      "sig": {
        "log_period": 0.09287414122730181,
        "amplitude": 0.3354623637500001,
        "ls_power": 0.12540834527356207,
        "abs_skew": 0.26701060175832664,
        "eta": 0.3397488416107272,
        "frac_bright": 0.05836246200607903
      },
      "n": 20
    },
    "CEP": {
      "mu": {
        "log_period": 0.32394257256128367,
        "amplitude": 1.8407932500000008,
        "ls_power": 0.44173282748495646,
        "abs_skew": 0.4741169800496672,
        "eta": 1.9184522708807248,
        "frac_bright": 0.0
      },
      "sig": {
        "log_period": 0.3936296436927809,
        "amplitude": 0.3261189875000001,
        "ls_power": 0.11928131896015745,
        "abs_skew": 0.3128462271174779,
        "eta": 0.3377678406321087,
        "frac_bright": 0.05
      },
      "n": 20
    },
    "E": {
      "mu": {
        "log_period": -1.098519163147659,
        "amplitude": 1.178409799999999,
        "ls_power": 0.5105295901121044,
        "abs_skew": 0.6786681767923912,
        "eta": 1.8330927250945503,
        "frac_bright": 0.0
      },
      "sig": {
        "log_period": 0.21477787447214886,
        "amplitude": 0.22676146999999985,
        "ls_power": 0.12657943851681566,
        "abs_skew": 0.290562800092481,
        "eta": 0.3249639087641825,
        "frac_bright": 0.05
      },
      "n": 20
    },
    "LPV": {
      "mu": {
        "log_period": 2.2909854016750133,
        "amplitude": 1.7568636999999985,
        "ls_power": 0.4234914452511708,
        "abs_skew": 0.2916815821526284,
        "eta": 0.2503629172808912,
        "frac_bright": 0.02514367816091954
      },
      "sig": {
        "log_period": 0.39364781025125195,
        "amplitude": 0.37850703869999935,
        "ls_power": 0.2085837642284262,
        "abs_skew": 0.31337056443035416,
        "eta": 0.13757805409846274,
        "frac_bright": 0.05377155172413793
      },
      "n": 20
    },
    "QSO": {
      "mu": {
        "log_period": -1.0463035714090467,
        "amplitude": 0.461878200000001,
        "ls_power": 0.5521513681931662,
        "abs_skew": 0.2229888495101052,
        "eta": 1.4186482843567734,
        "frac_bright": 0.0
      },
      "sig": {
        "log_period": 0.35644253246741386,
        "amplitude": 0.11928173000000016,
        "ls_power": 0.13282270522897494,
        "abs_skew": 0.2534384776360491,
        "eta": 0.5273911018666552,
        "frac_bright": 0.05
      },
      "n": 20
    },
    "SNIa": {
      "mu": {
        "log_period": 1.622953820027907,
        "amplitude": 1.4873767999999998,
        "ls_power": 0.7853042838832517,
        "abs_skew": 0.6485809127488376,
        "eta": 0.5352618766628496,
        "frac_bright": 0.0
      },
      "sig": {
        "log_period": 0.29344307300418604,
        "amplitude": 0.42639731673000414,
        "ls_power": 0.16779564258248775,
        "abs_skew": 0.19331436284092615,
        "eta": 0.21097251368049702,
        "frac_bright": 0.05
      },
      "n": 19
    },
    "SNII": {
      "mu": {
        "log_period": -0.003483327116136285,
        "amplitude": 1.4511298000000004,
        "ls_power": 0.8410522334326492,
        "abs_skew": 0.38349474307751363,
        "eta": 0.1446528434367788,
        "frac_bright": 0.0
      },
      "sig": {
        "log_period": 0.05052249906742044,
        "amplitude": 0.29458895056500006,
        "ls_power": 0.1761578350148974,
        "abs_skew": 0.3512069030335881,
        "eta": 0.11621541287451372,
        "frac_bright": 0.05
      },
      "n": 20
    },
    "CV/Nova": {
      "mu": {
        "log_period": -0.29942292938184545,
        "amplitude": 2.284898324999997,
        "ls_power": 0.17515633343261053,
        "abs_skew": 1.3078287805816484,
        "eta": 1.195748694863759,
        "frac_bright": 0.091733747215938
      },
      "sig": {
        "log_period": 0.8960360615686055,
        "amplitude": 1.3391853591899983,
        "ls_power": 0.09059255761222046,
        "abs_skew": 0.8355677582300993,
        "eta": 0.2583500049333351,
        "frac_bright": 0.09570915519347388
      },
      "n": 20
    },
    "YSO": {
      "mu": {
        "log_period": -0.16399686286952306,
        "amplitude": 1.5055891500000005,
        "ls_power": 0.22569735823563622,
        "abs_skew": 0.29740720830258843,
        "eta": 1.4101088080333528,
        "frac_bright": 0.021382631676749322
      },
      "sig": {
        "log_period": 0.25811587217577286,
        "amplitude": 0.46569956013,
        "ls_power": 0.1259952212550751,
        "abs_skew": 0.19003121410820328,
        "eta": 0.2615163212050029,
        "frac_bright": 0.0532073947515124
      },
      "n": 20
    },
    "Blazar": {
      "mu": {
        "log_period": 0.0004754451095629088,
        "amplitude": 1.616501575000001,
        "ls_power": 0.3153267200311895,
        "abs_skew": 0.33503612852261366,
        "eta": 0.628840506956605,
        "frac_bright": 0.014558022622538752
      },
      "sig": {
        "log_period": 0.05007131676643444,
        "amplitude": 0.5726667409050017,
        "ls_power": 0.15136840588821057,
        "abs_skew": 0.16927719641056307,
        "eta": 0.24202485391950193,
        "frac_bright": 0.05218370339338081
      },
      "n": 20
    },
    "AGN": {
      "mu": {
        "log_period": -0.0003565598918529157,
        "amplitude": 0.7537918499999989,
        "ls_power": 0.5342766336732544,
        "abs_skew": 0.2872622380665758,
        "eta": 0.6941486975911612,
        "frac_bright": 0.0
      },
      "sig": {
        "log_period": 1.061125203320515,
        "amplitude": 0.2112232791899987,
        "ls_power": 0.15958083903164605,
        "abs_skew": 0.2648726304642117,
        "eta": 0.30471359100160045,
        "frac_bright": 0.05
      },
      "n": 20
    },
    "SLSN": {
      "mu": {
        "log_period": 0.0021751138801525153,
        "amplitude": 1.1578387999999986,
        "ls_power": 0.8661891717119341,
        "abs_skew": 0.6430992452034097,
        "eta": 0.20130120955798217,
        "frac_bright": 0.0
      },
      "sig": {
        "log_period": 0.05032626708202288,
        "amplitude": 0.4937462379150014,
        "ls_power": 0.1799283757567901,
        "abs_skew": 0.6170269525048623,
        "eta": 0.17438941694904148,
        "frac_bright": 0.05
      },
      "n": 20
    }
  }
}