channel,accuracy,nll,ece,delta_accuracy,delta_nll
rate,1.0,2.2216550833357365e-09,2.2216549711018274e-09,0.0,2.2146099388668017e-09
magnitude,1.0,7.341568687444658e-12,7.341571794938773e-12,0.0,2.964242185098703e-13
morphology,1.0,7.045144024845578e-12,7.045142247363856e-12,0.0,-4.440892099405355e-19
orbit_fit,0.948,0.23259528014194747,0.040592158921192445,-0.052000000000000046,0.23259528013490233
xmatch,1.0,7.04491487481324e-12,7.044920202758931e-12,0.0,-2.295941215481426e-16
color,1.0,7.045144468934788e-12,7.045142247363856e-12,0.0,0.0
sky_context,0.22,1.2955793916369172,0.4553117148083289,-0.78,1.295579391629872
