{"accuracy":1.0,"calibration":{"channel_weights":{"artifact_context":1.0,"magnitude":2.0,"morphology":0.5,"orbit_fit":2.0,"rate":2.0},"class_temperatures":{},"label_bias":{"AMOR":-2.25,"HILDA":0.75,"HUNGARIA":0.75,"IMB":2.25,"MARS_CROSSER":0.75,"MBA":0.0,"OMB":0.0,"THULE":4.0},"temperature":0.5,"version":"label-bias-search-v1"},"certificate_hash":"da3b6fedff6aba7eac3c2b5bd6e1274ea2c7c7ba7888b1f0c18388938b8ff7ed","created_utc":"2026-05-31T05:59:35.997150+00:00","ece":7.045142247363856e-12,"holdout_manifest":{"case_hash":"3213d343d56ef4fdb9effb22b97f342eeb8445a01733a45bcd9ed1140d52f903","holdout_hash":"dc3549a6a3bd67c2ace9e63051ecf1e4ac566c4b5919a1348e6c06393bd7d30b","label_hash":"36f6e4f160f54ab9f701ac1816252cc8fbc0f5bf1708282f8ccf0662e48ecf55","n":500,"split_counts":{"validation":500}},"macro_f1":1.0,"n":500,"platform":"Windows-11-10.0.26200-SP0","python":"3.14.3","safe_accuracy":1.0,"schema":"ariadne.discovery.benchmark_drift_manifest.v1"}
